<?xml version="1.0" encoding="utf-8" ?>

<Defs>

	<!--ThingDef Name = "BeetleBasePawn" Abstract = "True">
	<thingClass>Pawn</thingClass>
	<category>Pawn</category>
	<selectable>true</selectable>
	<tickerType>Normal</tickerType>
	<altitudeLayer>Pawn</altitudeLayer>
	<useHitPoints>false</useHitPoints>
	<hasTooltip>true</hasTooltip>
	
	<inspectorTabs>
        <li>ITab_Pawn_Health</li>
        <li>ITab_Pawn_Needs</li>
        <li>ITab_Pawn_Character</li>
        <li>ITab_Pawn_Training</li>
        <li>ITab_Pawn_Gear</li>
        <li>ITab_Pawn_Guest</li>
        <li>ITab_Pawn_Prisoner</li>
        <li>ITab_Pawn_Social</li>
        <li>ITab_Pawn_Log</li>
        <li>ITab_Pawn_FormingCaravan</li>
	</inspectorTabs>
		<comps>
			<li>
				<compClass>CompAttachBase</compClass>
			</li>
		</comps>
		<drawGUIOverlay>true</drawGUIOverlay>
	</ThingDef-->
	
	<AlienRace.ThingDef_AlienRace ParentName = "BasePawn">
		<defName>Alien_Beetle</defName>
		<label>Beetle person</label>
		<description>A tough insectoid-human. They are fast and do slightly more melee damage than a normal person. They have horns on their heads reminiscent of beetle mandibles.</description>
		
			<alienRace>
				<generalSettings>
					<maleGenderProbability>.5</maleGenderProbability>
					<immuneToAge>false</immuneToAge>
					<canLayDown>true</canLayDown>
					<forcedRaceTraitEntries>
					
					
					
					</forcedRaceTraitEntries>
					<disallowedTraits>
					
					
					</disallowedTraits>
					<factionRelations>
						<li>
							<factions>
								<li>BeetleFaction</li>
								<li>BeetlePlayerFaction</li>
							</factions>
							<goodwill>
								<min>-50</min>
								<max>50</max>
							</goodwill>
						</li>               
					</factionRelations>
					<maxDamageForSocialfight>6</maxDamageForSocialfight>
					<allowHumanBios>true</allowHumanBios>
					<immuneToXenophobia>false</immuneToXenophobia>
					<alienPartGenerator>
						<aliencrowntypes>
							<li>Average_Normal</li>
							<li>Average_Pointy</li>
							
							
							
							
						</aliencrowntypes>
						<alienbodytypes>
							<li>Hulk</li>
							<li>Thin</li>
							<li>Male</li>
							<li>Female</li>
						</alienbodytypes>
						<useGenderedHeads>true</useGenderedHeads>
						<useGenderedBodies>false</useGenderedBodies>
						<colorChannels>
							<li>
							<name>skin</name>
								<first Class="ColorGenerator_Options">
							<options>
								<li>
									<!--Tan-->
									<weight>10</weight>
									<only>RGBA(0.714,0.565,0.443,1)</only>
								</li>
								<li>
									<!--Orange-ish Brown-->
									<weight>10</weight>
									<only>RGBA(0.545,0.27,0.075,1)</only>
								</li>
								<li>
									<!--Light Green-->
									<weight>1</weight>
									<only>RGBA(0.741,0.717,0.419,1)</only>
								</li>
								<li>
									<!--Dark Brown-->
									<weight>10</weight>
									<only>RGBA(0.333,0.255,0.2,1)</only>
								</li>
								<li>
									<!--Dark Grey-->
									<weight>10</weight>
									<only>RGBA(0.322,0.318,0.337,1)</only>
								</li>
								<li>
									<!--Dark Green-->
									<weight>10</weight>
									<only>RGBA(0.037,0.145,0.086,1)</only>
								</li>
								<li>
									<!--Olive Green-->
									<weight>10</weight>
									<only>RGBA(0.196,0.215,0.004,1)</only>
								</li>
								<li>
									<!--Green Ochre-->
									<weight>5</weight>
									<only>RGBA(0.443,0.388,0.243,1)</only>
								</li>
								<li>
									<!--Black Cherry-->
									<weight>5</weight>
									<only>RGBA(0.294,0.129,0.224,1)</only>
								</li>
							</options>
								</first>
							</li>
							<li>
							<name>hair</name>
								<first Class="AlienRace.ColorGenerator_CustomAlienChannel">
									<colorChannel>skin_2</colorChannel>
								</first>
								<second Class="ColorGenerator_Options">
									<options>
								<li>
									<!--Tan-->
									<weight>10</weight>
									<only>RGBA(0.714,0.565,0.443,1)</only>
								</li>
								<li>
									<!--Orange-ish Brown-->
									<weight>10</weight>
									<only>RGBA(0.545,0.27,0.075,1)</only>
								</li>
								<li>
									<!--Light Green-->
									<weight>1</weight>
									<only>RGBA(0.741,0.717,0.419,1)</only>
								</li>
								<li>
									<!--Dark Brown-->
									<weight>10</weight>
									<only>RGBA(0.333,0.255,0.2,1)</only>
								</li>
								<li>
									<!--Dark Grey-->
									<weight>10</weight>
									<only>RGBA(0.322,0.318,0.337,1)</only>
								</li>
								<li>
									<!--Dark Green-->
									<weight>10</weight>
									<only>RGBA(0.037,0.145,0.086,1)</only>
								</li>
								<li>
									<!--Olive Green-->
									<weight>10</weight>
									<only>RGBA(0.196,0.215,0.004,1)</only>
								</li>
								<li>
									<!--Green Ochre-->
									<weight>5</weight>
									<only>RGBA(0.443,0.388,0.243,1)</only>
								</li>
								<li>
									<!--Black Cherry-->
									<weight>5</weight>
									<only>RGBA(0.294,0.129,0.224,1)</only>
								</li>
									</options>
								</second>
							</li>
						</colorChannels>
					</alienPartGenerator>
				<humanRecipeImport>true</humanRecipeImport>
				</generalSettings>
				<graphicPaths>
					<li>
						<body>Pawn/Humanlike/Beetle person/Body/</body>
						<head>Pawn/Humanlike/Beetle person/Head/</head>
					</li>
				</graphicPaths>
				<hairSettings>
					<hasHair>true</hasHair>
					<getsGreyAt>1500</getsGreyAt> 
					<hairTags>
						<li>BeetleHair</li>
					</hairTags>
				</hairSettings>
				
				<raceRestriction>
					<whiteApparelList>
						<li>Apparel_TribalA</li>
						<li>Apparel_Parka</li>
						<li>Apparel_Pants</li>
						<li>Apparel_BasicShirt</li>
						<li>Apparel_CollarShirt</li>
						<li>Apparel_Duster</li>
						<li>Apparel_Jacket</li>
						<li>Apparel_PlateArmor</li>
						<li>Apparel_FlakVest</li>
						<li>Apparel_FlakPants</li>
						<li>Apparel_FlakJacket</li>
						<li>Apparel_PowerArmor</li>
						<li>Apparel_ShieldBelt</li>
						<li>Apparel_SmokepopBelt</li>
					</whiteApparelList>
					<onlyUseRaceRestrictedApparel>true</onlyUseRaceRestrictedApparel>
				</raceRestriction>
			</alienRace>
			<statBases>
				<MarketValue>3000</MarketValue>
				<ToxicSensitivity>.8</ToxicSensitivity>
				<FoodPoisonChance>.6</FoodPoisonChance>
				<ArmorRating_Blunt>.05</ArmorRating_Blunt>
				<ArmorRating_Sharp>.05</ArmorRating_Sharp>
				<MoveSpeed>6</MoveSpeed>
				<Flammability>1</Flammability>
				<ComfyTemperatureMin>10</ComfyTemperatureMin>
				<ComfyTemperatureMax>90</ComfyTemperatureMax>
				<LeatherAmount>0</LeatherAmount>
				<MeatAmount>30</MeatAmount>
				<PsychicSensitivity>1</PsychicSensitivity>
				<PlantWorkSpeed>.8</PlantWorkSpeed>
				<ImmunityGainSpeed>1.5</ImmunityGainSpeed>
			</statBases>
	<tools>
      <li>
        <label>left fist</label>
        <capacities>
          <li>Blunt</li>
        </capacities>
        <power>8.2</power>
        <cooldownTime>2</cooldownTime>
        <linkedBodyPartsGroup>LeftHand</linkedBodyPartsGroup>
        <surpriseAttack>
          <extraMeleeDamages>
            <li>
              <def>Stun</def>
              <amount>14</amount>
            </li>
          </extraMeleeDamages>
        </surpriseAttack>
      </li>
      <li>
        <label>right fist</label>
        <capacities>
          <li>Blunt</li>
        </capacities>
        <power>8.2</power>
        <cooldownTime>2</cooldownTime>
        <linkedBodyPartsGroup>RightHand</linkedBodyPartsGroup>
        <surpriseAttack>
          <extraMeleeDamages>
            <li>
              <def>Stun</def>
              <amount>14</amount>
            </li>
          </extraMeleeDamages>
        </surpriseAttack>
      </li>
      <li>
        <label>teeth</label>
        <capacities>
          <li>Bite</li>
        </capacities>
        <power>8.2</power>
        <cooldownTime>2</cooldownTime>
        <linkedBodyPartsGroup>Teeth</linkedBodyPartsGroup>
        <chanceFactor>0.07</chanceFactor>
      </li>
      <li>
        <label>head</label>
        <capacities>
          <li>Blunt</li>
        </capacities>
        <power>5</power>
        <cooldownTime>2</cooldownTime>
        <linkedBodyPartsGroup>HeadAttackTool</linkedBodyPartsGroup>
        <ensureLinkedBodyPartsGroupAlwaysUsable>true</ensureLinkedBodyPartsGroupAlwaysUsable>
        <chanceFactor>0.2</chanceFactor>
      </li>
	  <li>
        <label>horns</label>
        <capacities>
          <li>Blunt</li>
        </capacities>
        <power>11</power>
        <cooldownTime>2</cooldownTime>
        <linkedBodyPartsGroup>HornAttackTool</linkedBodyPartsGroup>
        <chanceFactor>0.2</chanceFactor>
      </li>
	  
	  
    </tools>

			<race>
				<thinkTreeMain>Humanlike</thinkTreeMain>
				<thinkTreeConstant>HumanlikeConstant</thinkTreeConstant>
				<intelligence>Humanlike</intelligence>
				<makesFootprints>true</makesFootprints>
				<lifeExpectancy>100</lifeExpectancy>
				<nameCategory>HumanStandard</nameCategory>
				<body>BeetleBody</body>
				<baseBodySize>.9</baseBodySize>
				<baseHealthScale>1.2</baseHealthScale>
				
				<foodType>OmnivoreHuman</foodType>
				<gestationPeriodDays>45</gestationPeriodDays>				
				<fleshType>Insectoid</fleshType>
				<litterSizeCurve>
					<points>
					<li>(0.5, 0)</li>
					<li>(1, 1)</li>
					<li>(1.01, 0.02)</li>
					<li>(3.5, 0)</li>
					</points>
				</litterSizeCurve>
				<lifeStageAges>
					<li>
					<def>BeetleLarva</def>
					<minAge>0</minAge>
					</li>
					<li>
					<def>BeetleYoung</def>
					<minAge>1.2</minAge>
					</li>
					<li>
					<def>BeetleChild</def>
					<minAge>4</minAge>
					</li>
					<li>
					<def>BeetleTeenager</def>
					<minAge>13</minAge>
					</li>
					<li>
					<def>BeetleAdult</def>
					<minAge>18</minAge>
					</li>
				</lifeStageAges>
				<soundMeleeHitPawn>Pawn_Melee_Punch_HitPawn</soundMeleeHitPawn>
				<soundMeleeHitBuilding>Pawn_Melee_Punch_HitBuilding</soundMeleeHitBuilding>
				<soundMeleeMiss>Pawn_Melee_Punch_Miss</soundMeleeMiss>
				<specialShadowData>
					<volume>(0.3, 0.8, 0.4)</volume>
					<offset>(0,0,-0.3)</offset>
				</specialShadowData>
				<ageGenerationCurve>
					<points>
					<li>(14,0)</li>
					<li>(16,100)</li>
					<li>(50,100)</li>
					<li>(60,30)</li>
      			    <li>(70,18)</li>
      			    <li>(80,10)</li>
     			    <li>(90,3)</li>
      			    <li>(100,0)</li>
    			    </points>
    			  </ageGenerationCurve>
    			  <hediffGiverSets>
    			    <li>OrganicStandard</li>
   			   </hediffGiverSets>
    			</race>			
				<recipes>
					<li>InstallArchotechEye</li>
					<li>InstallArchotechArm</li>
					<li>InstallArchotechLeg</li>
      				<li>InstallPowerClaw</li>
      				<li>InstallBionicEye</li>
    				<li>InstallBionicArm</li>
      				<li>InstallBionicLeg</li>
      				<li>InstallBionicSpine</li>
      				<li>InstallBionicHeart</li>
      				<li>InstallBionicStomach</li>
      				<li>InstallBionicEar</li>
      				<li>InstallSimpleProstheticArm</li>
      				<li>InstallSimpleProstheticLeg</li>
      				<li>InstallSimpleProstheticHeart</li>
      				<li>InstallCochlearImplant</li>
     				<li>InstallPegLeg</li>
      				<li>InstallWoodenFoot</li>
      				<li>InstallDenture</li>
      				<li>InstallJoywire</li>
      				<li>InstallPainstopper</li>
      				<li>InstallNaturalHeart</li>
      				<li>InstallNaturalLung</li>
      				<li>InstallNaturalKidney</li>
      				<li>InstallNaturalLiver</li>
     				<li>ExciseCarcinoma</li>
      				<li>AdministerMechSerumHealer</li>
      				<li>RemoveBodyPart</li>
      				<li>Euthanize</li>
      				<li>Anesthetize</li>
				</recipes>
				
				
				
	</AlienRace.ThingDef_AlienRace>
</Defs>